{"cameraMode":{"drawMode":0,"name":"Shaded","section":"Shading Mode"},"sceneLighting":true,"audioPlay":false,"sceneViewState":{"m_AlwaysRefresh":false,"showFog":true,"showSkybox":true,"showFlares":true,"showImageEffects":true,"showParticleSystems":true,"showVisualEffectGraphs":true,"m_FxEnabled":true},"in2DMode":false,"pivot":{"x":446.8201599121094,"y":275.6630554199219,"z":41.67059326171875},"rotation":{"x":0.0048071215860545639,"y":-0.0069961873814463619,"z":0.00003065397686441429,"w":1.0000656843185425},"size":284.66650390625,"orthographic":false}