{"cameraMode":{"drawMode":0,"name":"Shaded","section":"Shading Mode"},"sceneLighting":true,"audioPlay":false,"sceneViewState":{"m_AlwaysRefresh":false,"showFog":true,"showSkybox":true,"showFlares":true,"showImageEffects":true,"showParticleSystems":true,"showVisualEffectGraphs":true,"m_FxEnabled":true},"in2DMode":false,"pivot":{"x":-11.12740707397461,"y":18.784875869750978,"z":34.66580581665039},"rotation":{"x":0.24513541162014008,"y":-0.03586122766137123,"z":0.009072564542293549,"w":0.9688876867294312},"size":1.7887438535690308,"orthographic":false}