{"cameraMode":{"drawMode":0,"name":"Shaded","section":"Shading Mode"},"sceneLighting":true,"audioPlay":false,"sceneViewState":{"m_AlwaysRefresh":false,"showFog":true,"showSkybox":true,"showFlares":true,"showImageEffects":true,"showParticleSystems":true,"showVisualEffectGraphs":true,"m_FxEnabled":true},"in2DMode":false,"pivot":{"x":-3.6538875102996828,"y":-0.13218915462493897,"z":6.176844596862793},"rotation":{"x":-0.1897340714931488,"y":0.4777389466762543,"z":-0.10647843778133393,"w":-0.8512222766876221},"size":3.1270546913146974,"orthographic":false}