{"cameraMode":{"drawMode":0,"name":"Shaded","section":"Shading Mode"},"sceneLighting":true,"audioPlay":false,"sceneViewState":{"showFog":true,"showMaterialUpdate":false,"showSkybox":true,"showFlares":true,"showImageEffects":true,"showParticleSystems":true},"in2DMode":false,"pivot":{"x":19.087265014648439,"y":-10.474386215209961,"z":10.310205459594727},"rotation":{"x":0.22807270288467408,"y":0.527890682220459,"z":-0.14968916773796082,"w":0.8043097257614136},"size":22.495410919189454,"orthographic":false}