{"cameraMode":{"drawMode":0,"name":"Shaded","section":"Shading Mode"},"sceneLighting":false,"audioPlay":false,"sceneViewState":{"showFog":true,"showMaterialUpdate":false,"showSkybox":true,"showFlares":true,"showImageEffects":true,"showParticleSystems":true},"in2DMode":false,"pivot":{"x":-2.030762195587158,"y":0.7893359661102295,"z":6.67078161239624},"rotation":{"x":0.14986245334148408,"y":-0.6427223086357117,"z":0.1301436722278595,"w":0.7399529814720154},"size":2.7191708087921144,"orthographic":false}